<?xml version="1.0" encoding="UTF-8"?>
<root>
  <previousBatchProcesses>
    <batchProcess id="72e32ec3-ee0c-4cc2-ba34-fbf1ab5b61c1">
      <requestDateTime>2017-02-10T20:05:06.038</requestDateTime>
      <recordsCount>268</recordsCount>
      <action name="com.constellio.model.services.batch.actions.ReindexMetadatasBatchProcessAction">
        <argument type="java.util.ArrayList">
          <item type="java.lang.String">document_default_applicableCopyRule</item>
          <item type="java.lang.String">document_default_actualTransferDate</item>
          <item type="java.lang.String">document_default_expectedDepositDate</item>
          <item type="java.lang.String">document_default_actualDepositDate</item>
          <item type="java.lang.String">document_default_expectedTransferDate</item>
          <item type="java.lang.String">document_default_expectedDestructionDate</item>
          <item type="java.lang.String">document_default_mainCopyRule</item>
          <item type="java.lang.String">document_default_retentionRule</item>
          <item type="java.lang.String">document_default_archivisticStatus</item>
          <item type="java.lang.String">document_default_actualDestructionDate</item>
        </argument>
      </action>
      <query>(*:*) AND ((*:* -type_s:index)) AND (collection_s:zeCollection) AND (schema_s:document_*) AND (( *:* ))</query>
      <collection>zeCollection</collection>
      <startDateTime>2017-02-10T20:05:06.080</startDateTime>
      <errors>0</errors>
    </batchProcess>
  </previousBatchProcesses>
  <pendingBatchProcesses />
  <standbyBatchProcesses />
  <currentBatchProcess />
</root>
