<?xml version="1.0" encoding="UTF-8"?>
<display format="2">
  <SchemaDisplayConfigs SchemaCode="user_default">
    <DisplayMetadataCodes>
      <user_default_username />
      <user_default_firstname />
      <user_default_lastname />
      <user_default_title />
      <user_default_email />
      <user_default_userroles />
      <user_default_groups />
      <user_default_jobTitle />
      <user_default_phone />
      <user_default_status />
      <user_default_createdOn />
      <user_default_modifiedOn />
      <user_default_allroles />
    </DisplayMetadataCodes>
    <FormMetadataCodes>
      <user_default_defaultTabInFolderDisplay />
      <user_default_defaultTaxonomy />
      <user_default_email />
      <user_default_firstname />
      <user_default_groups />
      <user_default_jobTitle />
      <user_default_lastname />
      <user_default_loginLanguageCode />
      <user_default_phone />
      <user_default_startTab />
      <user_default_status />
      <user_default_username />
      <user_default_userroles />
      <user_default_collectionDeleteAccess />
      <user_default_collectionReadAccess />
      <user_default_collectionWriteAccess />
      <user_default_systemAdmin />
      <user_default_signature />
    </FormMetadataCodes>
    <SearchResultsMetadataCodes>
      <user_default_title />
      <user_default_modifiedOn />
    </SearchResultsMetadataCodes>
    <TableMetadataCodes>
      <user_default_title />
      <user_default_modifiedOn />
    </TableMetadataCodes>
  </SchemaDisplayConfigs>
  <SchemaDisplayConfigs SchemaCode="savedSearch_default">
    <DisplayMetadataCodes>
      <savedSearch_default_title />
      <savedSearch_default_createdBy />
      <savedSearch_default_createdOn />
      <savedSearch_default_modifiedBy />
      <savedSearch_default_modifiedOn />
      <savedSearch_default_freeTextSearch />
      <savedSearch_default_pageLength />
      <savedSearch_default_pageNumber />
      <savedSearch_default_public />
      <savedSearch_default_resultsViewMode />
      <savedSearch_default_schemaFilter />
      <savedSearch_default_searchType />
      <savedSearch_default_sortField />
      <savedSearch_default_sortOrder />
      <savedSearch_default_temporary />
      <savedSearch_default_user />
    </DisplayMetadataCodes>
    <FormMetadataCodes>
      <savedSearch_default_title />
      <savedSearch_default_freeTextSearch />
      <savedSearch_default_pageLength />
      <savedSearch_default_pageNumber />
      <savedSearch_default_resultsViewMode />
      <savedSearch_default_schemaFilter />
      <savedSearch_default_searchType />
      <savedSearch_default_sortField />
      <savedSearch_default_sortOrder />
      <savedSearch_default_user />
      <savedSearch_default_public />
      <savedSearch_default_temporary />
      <savedSearch_default_advancedSearch />
      <savedSearch_default_facetSelections />
    </FormMetadataCodes>
    <SearchResultsMetadataCodes>
      <savedSearch_default_title />
      <savedSearch_default_modifiedOn />
    </SearchResultsMetadataCodes>
    <TableMetadataCodes>
      <savedSearch_default_title />
      <savedSearch_default_modifiedOn />
    </TableMetadataCodes>
  </SchemaDisplayConfigs>
  <SchemaTypesDisplayConfig>
    <folder_default_schema />
    <folder_default_archivisticStatus />
    <folder_default_category />
    <folder_default_administrativeUnit />
    <folder_default_filingSpace />
    <folder_default_mediumTypes />
    <folder_default_copyStatus />
  </SchemaTypesDisplayConfig>
  <SchemaTypeDisplayConfigs>
    <facet manageable="false" simpleSearch="false" advancedSearch="false">
      <MetadataGroupsLabels>
        <MetadataGroupLabel code="init.facetConfiguration.query" labels="en=Query;;fr=Requêtes;;" />
        <MetadataGroupLabel code="default:init.facetConfiguration.configuration" labels="en=Configuration;;fr=Configuration;;" />
        <MetadataGroupLabel code="init.facetConfiguration.values" labels="en=Values;;fr=Valeurs;;" />
      </MetadataGroupsLabels>
    </facet>
    <userTask manageable="false" simpleSearch="true" advancedSearch="true">
      <MetadataGroupsLabels>
        <MetadataGroupLabel code="default:init.userTask.definition" labels="en=Definition;;fr=Définition;;" />
        <MetadataGroupLabel code="init.userTask.remindersTab" labels="en= Reminders;;fr= Rappels;;" />
        <MetadataGroupLabel code="init.userTask.assignment" labels="en= Assignment;;fr= Assignation;;" />
        <MetadataGroupLabel code="init.userTask.details" labels="en= Files;;fr= Fichiers;;" />
        <MetadataGroupLabel code="init.userTask.followersTab" labels="en= Follow;;fr= Suivre;;" />
      </MetadataGroupsLabels>
    </userTask>
    <administrativeUnit manageable="false" simpleSearch="false" advancedSearch="false">
      <MetadataGroupsLabels>
        <MetadataGroupLabel code="default:defaultGroupLabel" labels="en=Metadata;;fr=Métadonnées;;" />
      </MetadataGroupsLabels>
    </administrativeUnit>
    <category manageable="false" simpleSearch="false" advancedSearch="false">
      <MetadataGroupsLabels>
        <MetadataGroupLabel code="default:defaultGroupLabel" labels="en=Metadata;;fr=Métadonnées;;" />
      </MetadataGroupsLabels>
    </category>
    <collection manageable="false" simpleSearch="false" advancedSearch="false">
      <MetadataGroupsLabels>
        <MetadataGroupLabel code="default:defaultGroupLabel" labels="en=Metadata;;fr=Métadonnées;;" />
      </MetadataGroupsLabels>
    </collection>
    <containerRecord manageable="false" simpleSearch="true" advancedSearch="true">
      <MetadataGroupsLabels>
        <MetadataGroupLabel code="default:defaultGroupLabel" labels="en=Metadata;;fr=Métadonnées;;" />
      </MetadataGroupsLabels>
    </containerRecord>
    <ddvContainerRecordType manageable="false" simpleSearch="false" advancedSearch="false">
      <MetadataGroupsLabels>
        <MetadataGroupLabel code="default:defaultGroupLabel" labels="en=Metadata;;fr=Métadonnées;;" />
      </MetadataGroupsLabels>
    </ddvContainerRecordType>
    <ddvDocumentType manageable="false" simpleSearch="false" advancedSearch="false">
      <MetadataGroupsLabels>
        <MetadataGroupLabel code="default:defaultGroupLabel" labels="en=Metadata;;fr=Métadonnées;;" />
      </MetadataGroupsLabels>
    </ddvDocumentType>
    <ddvFolderType manageable="false" simpleSearch="false" advancedSearch="false">
      <MetadataGroupsLabels>
        <MetadataGroupLabel code="default:defaultGroupLabel" labels="en=Metadata;;fr=Métadonnées;;" />
      </MetadataGroupsLabels>
    </ddvFolderType>
    <ddvMediumType manageable="false" simpleSearch="false" advancedSearch="false">
      <MetadataGroupsLabels>
        <MetadataGroupLabel code="default:defaultGroupLabel" labels="en=Metadata;;fr=Métadonnées;;" />
      </MetadataGroupsLabels>
    </ddvMediumType>
    <ddvStorageSpaceType manageable="false" simpleSearch="false" advancedSearch="false">
      <MetadataGroupsLabels>
        <MetadataGroupLabel code="default:defaultGroupLabel" labels="en=Metadata;;fr=Métadonnées;;" />
      </MetadataGroupsLabels>
    </ddvStorageSpaceType>
    <decommissioningList manageable="false" simpleSearch="false" advancedSearch="false">
      <MetadataGroupsLabels>
        <MetadataGroupLabel code="default:defaultGroupLabel" labels="en=Metadata;;fr=Métadonnées;;" />
      </MetadataGroupsLabels>
    </decommissioningList>
    <document manageable="false" simpleSearch="true" advancedSearch="true">
      <MetadataGroupsLabels>
        <MetadataGroupLabel code="default:defaultGroupLabel" labels="en=Metadata;;fr=Métadonnées;;" />
        <MetadataGroupLabel code="classifiedInGroupLabel" labels="en=Classified in;;fr=Classé dans;;" />
      </MetadataGroupsLabels>
    </document>
    <event manageable="false" simpleSearch="false" advancedSearch="false">
      <MetadataGroupsLabels>
        <MetadataGroupLabel code="default:defaultGroupLabel" labels="en=Metadata;;fr=Métadonnées;;" />
      </MetadataGroupsLabels>
    </event>
    <filingSpace manageable="false" simpleSearch="false" advancedSearch="false">
      <MetadataGroupsLabels>
        <MetadataGroupLabel code="default:defaultGroupLabel" labels="en=Metadata;;fr=Métadonnées;;" />
      </MetadataGroupsLabels>
    </filingSpace>
    <folder manageable="false" simpleSearch="true" advancedSearch="true">
      <MetadataGroupsLabels>
        <MetadataGroupLabel code="default:defaultGroupLabel" labels="en=Metadata;;fr=Métadonnées;;" />
        <MetadataGroupLabel code="classifiedInGroupLabel" labels="en=Classified in;;fr=Classé dans;;" />
      </MetadataGroupsLabels>
    </folder>
    <group manageable="false" simpleSearch="false" advancedSearch="false">
      <MetadataGroupsLabels>
        <MetadataGroupLabel code="default:defaultGroupLabel" labels="en=Metadata;;fr=Métadonnées;;" />
      </MetadataGroupsLabels>
    </group>
    <retentionRule manageable="false" simpleSearch="false" advancedSearch="false">
      <MetadataGroupsLabels>
        <MetadataGroupLabel code="default:defaultGroupLabel" labels="en=Metadata;;fr=Métadonnées;;" />
      </MetadataGroupsLabels>
    </retentionRule>
    <storageSpace manageable="false" simpleSearch="false" advancedSearch="false">
      <MetadataGroupsLabels>
        <MetadataGroupLabel code="default:defaultGroupLabel" labels="en=Metadata;;fr=Métadonnées;;" />
      </MetadataGroupsLabels>
    </storageSpace>
    <task manageable="false" simpleSearch="false" advancedSearch="false">
      <MetadataGroupsLabels>
        <MetadataGroupLabel code="default:defaultGroupLabel" labels="en=Metadata;;fr=Métadonnées;;" />
      </MetadataGroupsLabels>
    </task>
    <uniformSubdivision manageable="false" simpleSearch="false" advancedSearch="false">
      <MetadataGroupsLabels>
        <MetadataGroupLabel code="default:defaultGroupLabel" labels="en=Metadata;;fr=Métadonnées;;" />
      </MetadataGroupsLabels>
    </uniformSubdivision>
    <user manageable="false" simpleSearch="false" advancedSearch="false">
      <MetadataGroupsLabels>
        <MetadataGroupLabel code="default:defaultGroupLabel" labels="en=Metadata;;fr=Métadonnées;;" />
      </MetadataGroupsLabels>
    </user>
    <userDocument manageable="false" simpleSearch="false" advancedSearch="false">
      <MetadataGroupsLabels>
        <MetadataGroupLabel code="default:defaultGroupLabel" labels="en=Metadata;;fr=Métadonnées;;" />
      </MetadataGroupsLabels>
    </userDocument>
  </SchemaTypeDisplayConfigs>
  <SchemaDisplayConfigs SchemaCode="administrativeUnit_default">
    <DisplayMetadataCodes>
      <administrativeUnit_default_code />
      <administrativeUnit_default_title />
      <administrativeUnit_default_parent />
      <administrativeUnit_default_createdOn />
      <administrativeUnit_default_modifiedBy />
      <administrativeUnit_default_createdBy />
      <administrativeUnit_default_decommissioningMonth />
    </DisplayMetadataCodes>
    <FormMetadataCodes>
      <administrativeUnit_default_code />
      <administrativeUnit_default_title />
      <administrativeUnit_default_parent />
      <administrativeUnit_default_decommissioningMonth />
      <administrativeUnit_default_adress />
      <administrativeUnit_default_description />
    </FormMetadataCodes>
    <SearchResultsMetadataCodes>
      <administrativeUnit_default_title />
      <administrativeUnit_default_modifiedOn />
    </SearchResultsMetadataCodes>
    <TableMetadataCodes>
      <administrativeUnit_default_title />
      <administrativeUnit_default_modifiedOn />
    </TableMetadataCodes>
  </SchemaDisplayConfigs>
  <SchemaDisplayConfigs SchemaCode="cart_default">
    <DisplayMetadataCodes>
      <cart_default_title />
      <cart_default_createdBy />
      <cart_default_createdOn />
      <cart_default_modifiedBy />
      <cart_default_modifiedOn />
      <cart_default_containers />
      <cart_default_documents />
      <cart_default_folders />
      <cart_default_owner />
    </DisplayMetadataCodes>
    <FormMetadataCodes>
      <cart_default_containers />
      <cart_default_documents />
      <cart_default_folders />
      <cart_default_owner />
      <cart_default_title />
    </FormMetadataCodes>
    <SearchResultsMetadataCodes>
      <cart_default_title />
      <cart_default_modifiedOn />
    </SearchResultsMetadataCodes>
    <TableMetadataCodes>
      <cart_default_title />
      <cart_default_modifiedOn />
    </TableMetadataCodes>
  </SchemaDisplayConfigs>
  <SchemaDisplayConfigs SchemaCode="category_default">
    <DisplayMetadataCodes>
      <category_default_code />
      <category_default_title />
      <category_default_description />
      <category_default_createdOn />
      <category_default_modifiedBy />
      <category_default_createdBy />
      <category_default_keywords />
      <category_default_parent />
      <category_default_retentionRules />
      <category_default_comments />
    </DisplayMetadataCodes>
    <FormMetadataCodes>
      <category_default_code />
      <category_default_title />
      <category_default_description />
      <category_default_keywords />
      <category_default_parent />
      <category_default_retentionRules />
    </FormMetadataCodes>
    <SearchResultsMetadataCodes>
      <category_default_title />
      <category_default_modifiedOn />
    </SearchResultsMetadataCodes>
    <TableMetadataCodes>
      <category_default_title />
      <category_default_modifiedOn />
    </TableMetadataCodes>
  </SchemaDisplayConfigs>
  <SchemaDisplayConfigs SchemaCode="collection_default">
    <DisplayMetadataCodes>
      <collection_default_code />
      <collection_default_title />
      <collection_default_createdOn />
      <collection_default_modifiedOn />
      <collection_default_languages />
      <collection_default_name />
    </DisplayMetadataCodes>
    <FormMetadataCodes>
      <collection_default_code />
      <collection_default_title />
      <collection_default_languages />
      <collection_default_name />
    </FormMetadataCodes>
    <SearchResultsMetadataCodes>
      <collection_default_title />
      <collection_default_modifiedOn />
    </SearchResultsMetadataCodes>
    <TableMetadataCodes>
      <collection_default_title />
      <collection_default_modifiedOn />
    </TableMetadataCodes>
  </SchemaDisplayConfigs>
  <SchemaDisplayConfigs SchemaCode="ddvContainerRecordType_default">
    <DisplayMetadataCodes>
      <ddvContainerRecordType_default_title />
      <ddvContainerRecordType_default_code />
      <ddvContainerRecordType_default_description />
      <ddvContainerRecordType_default_linkedSchema />
    </DisplayMetadataCodes>
    <FormMetadataCodes>
      <ddvContainerRecordType_default_title />
      <ddvContainerRecordType_default_code />
      <ddvContainerRecordType_default_description />
      <ddvContainerRecordType_default_linkedSchema />
    </FormMetadataCodes>
    <SearchResultsMetadataCodes>
      <ddvContainerRecordType_default_title />
      <ddvContainerRecordType_default_modifiedOn />
    </SearchResultsMetadataCodes>
    <TableMetadataCodes>
      <ddvContainerRecordType_default_title />
      <ddvContainerRecordType_default_modifiedOn />
    </TableMetadataCodes>
  </SchemaDisplayConfigs>
  <SchemaDisplayConfigs SchemaCode="ddvDocumentType_default">
    <DisplayMetadataCodes>
      <ddvDocumentType_default_title />
      <ddvDocumentType_default_code />
      <ddvDocumentType_default_description />
      <ddvDocumentType_default_linkedSchema />
      <ddvDocumentType_default_templates />
    </DisplayMetadataCodes>
    <FormMetadataCodes>
      <ddvDocumentType_default_title />
      <ddvDocumentType_default_code />
      <ddvDocumentType_default_description />
      <ddvDocumentType_default_linkedSchema />
      <ddvDocumentType_default_templates />
    </FormMetadataCodes>
    <SearchResultsMetadataCodes>
      <ddvDocumentType_default_title />
      <ddvDocumentType_default_modifiedOn />
    </SearchResultsMetadataCodes>
    <TableMetadataCodes>
      <ddvDocumentType_default_title />
      <ddvDocumentType_default_modifiedOn />
    </TableMetadataCodes>
  </SchemaDisplayConfigs>
  <SchemaDisplayConfigs SchemaCode="ddvFolderType_default">
    <DisplayMetadataCodes>
      <ddvFolderType_default_title />
      <ddvFolderType_default_code />
      <ddvFolderType_default_description />
      <ddvFolderType_default_linkedSchema />
    </DisplayMetadataCodes>
    <FormMetadataCodes>
      <ddvFolderType_default_title />
      <ddvFolderType_default_code />
      <ddvFolderType_default_description />
      <ddvFolderType_default_linkedSchema />
    </FormMetadataCodes>
    <SearchResultsMetadataCodes>
      <ddvFolderType_default_title />
      <ddvFolderType_default_modifiedOn />
    </SearchResultsMetadataCodes>
    <TableMetadataCodes>
      <ddvFolderType_default_title />
      <ddvFolderType_default_modifiedOn />
    </TableMetadataCodes>
  </SchemaDisplayConfigs>
  <SchemaDisplayConfigs SchemaCode="ddvMediumType_default">
    <DisplayMetadataCodes>
      <ddvMediumType_default_title />
      <ddvMediumType_default_code />
      <ddvMediumType_default_description />
      <ddvMediumType_default_analogical />
    </DisplayMetadataCodes>
    <FormMetadataCodes>
      <ddvMediumType_default_title />
      <ddvMediumType_default_code />
      <ddvMediumType_default_description />
      <ddvMediumType_default_analogical />
    </FormMetadataCodes>
    <SearchResultsMetadataCodes>
      <ddvMediumType_default_title />
      <ddvMediumType_default_modifiedOn />
    </SearchResultsMetadataCodes>
    <TableMetadataCodes>
      <ddvMediumType_default_title />
      <ddvMediumType_default_modifiedOn />
    </TableMetadataCodes>
  </SchemaDisplayConfigs>
  <SchemaDisplayConfigs SchemaCode="ddvStorageSpaceType_default">
    <DisplayMetadataCodes>
      <ddvStorageSpaceType_default_title />
      <ddvStorageSpaceType_default_code />
      <ddvStorageSpaceType_default_description />
      <ddvStorageSpaceType_default_linkedSchema />
    </DisplayMetadataCodes>
    <FormMetadataCodes>
      <ddvStorageSpaceType_default_title />
      <ddvStorageSpaceType_default_code />
      <ddvStorageSpaceType_default_description />
      <ddvStorageSpaceType_default_linkedSchema />
    </FormMetadataCodes>
    <SearchResultsMetadataCodes>
      <ddvStorageSpaceType_default_title />
      <ddvStorageSpaceType_default_modifiedOn />
    </SearchResultsMetadataCodes>
    <TableMetadataCodes>
      <ddvStorageSpaceType_default_title />
      <ddvStorageSpaceType_default_modifiedOn />
    </TableMetadataCodes>
  </SchemaDisplayConfigs>
  <SchemaDisplayConfigs SchemaCode="ddvTaskStatus_default">
    <DisplayMetadataCodes>
      <ddvTaskStatus_default_code />
      <ddvTaskStatus_default_title />
      <ddvTaskStatus_default_createdBy />
      <ddvTaskStatus_default_createdOn />
      <ddvTaskStatus_default_modifiedBy />
      <ddvTaskStatus_default_modifiedOn />
      <ddvTaskStatus_default_statusType />
      <ddvTaskStatus_default_description />
      <ddvTaskStatus_default_comments />
    </DisplayMetadataCodes>
    <FormMetadataCodes>
      <ddvTaskStatus_default_code />
      <ddvTaskStatus_default_title />
      <ddvTaskStatus_default_statusType />
      <ddvTaskStatus_default_description />
    </FormMetadataCodes>
    <SearchResultsMetadataCodes>
      <ddvTaskStatus_default_title />
      <ddvTaskStatus_default_modifiedOn />
    </SearchResultsMetadataCodes>
    <TableMetadataCodes>
      <ddvTaskStatus_default_title />
      <ddvTaskStatus_default_modifiedOn />
    </TableMetadataCodes>
  </SchemaDisplayConfigs>
  <SchemaDisplayConfigs SchemaCode="ddvTaskType_default">
    <DisplayMetadataCodes>
      <ddvTaskType_default_code />
      <ddvTaskType_default_title />
      <ddvTaskType_default_createdBy />
      <ddvTaskType_default_createdOn />
      <ddvTaskType_default_modifiedBy />
      <ddvTaskType_default_modifiedOn />
      <ddvTaskType_default_linkedSchema />
      <ddvTaskType_default_description />
      <ddvTaskType_default_comments />
    </DisplayMetadataCodes>
    <FormMetadataCodes>
      <ddvTaskType_default_code />
      <ddvTaskType_default_title />
      <ddvTaskType_default_linkedSchema />
      <ddvTaskType_default_description />
    </FormMetadataCodes>
    <SearchResultsMetadataCodes>
      <ddvTaskType_default_title />
      <ddvTaskType_default_modifiedOn />
    </SearchResultsMetadataCodes>
    <TableMetadataCodes>
      <ddvTaskType_default_title />
      <ddvTaskType_default_modifiedOn />
    </TableMetadataCodes>
  </SchemaDisplayConfigs>
  <SchemaDisplayConfigs SchemaCode="ddvVariablePeriod_default">
    <DisplayMetadataCodes>
      <ddvVariablePeriod_default_code />
      <ddvVariablePeriod_default_title />
      <ddvVariablePeriod_default_createdBy />
      <ddvVariablePeriod_default_createdOn />
      <ddvVariablePeriod_default_modifiedBy />
      <ddvVariablePeriod_default_modifiedOn />
      <ddvVariablePeriod_default_description />
      <ddvVariablePeriod_default_comments />
    </DisplayMetadataCodes>
    <FormMetadataCodes>
      <ddvVariablePeriod_default_code />
      <ddvVariablePeriod_default_title />
      <ddvVariablePeriod_default_description />
    </FormMetadataCodes>
    <SearchResultsMetadataCodes>
      <ddvVariablePeriod_default_code />
      <ddvVariablePeriod_default_title />
      <ddvVariablePeriod_default_modifiedOn />
    </SearchResultsMetadataCodes>
    <TableMetadataCodes>
      <ddvVariablePeriod_default_code />
      <ddvVariablePeriod_default_title />
      <ddvVariablePeriod_default_modifiedOn />
    </TableMetadataCodes>
  </SchemaDisplayConfigs>
  <SchemaDisplayConfigs SchemaCode="decommissioningList_default">
    <DisplayMetadataCodes>
      <decommissioningList_default_title />
      <decommissioningList_default_type />
      <decommissioningList_default_description />
      <decommissioningList_default_administrativeUnit />
      <decommissioningList_default_filingSpace />
      <decommissioningList_default_createdOn />
      <decommissioningList_default_createdBy />
      <decommissioningList_default_modifiedOn />
      <decommissioningList_default_modifiedBy />
      <decommissioningList_default_uniformCategory />
      <decommissioningList_default_uniformRule />
      <decommissioningList_default_status />
      <decommissioningList_default_approvalDate />
      <decommissioningList_default_approvalUser />
    </DisplayMetadataCodes>
    <FormMetadataCodes>
      <decommissioningList_default_title />
      <decommissioningList_default_description />
      <decommissioningList_default_administrativeUnit />
      <decommissioningList_default_approvalRequest />
      <decommissioningList_default_approvalUser />
      <decommissioningList_default_filingSpace />
      <decommissioningList_default_processingUser />
      <decommissioningList_default_approvalDate />
      <decommissioningList_default_approvalRequestDate />
      <decommissioningList_default_processingDate />
      <decommissioningList_default_containerDetails />
      <decommissioningList_default_folderDetails />
    </FormMetadataCodes>
    <SearchResultsMetadataCodes>
      <decommissioningList_default_title />
      <decommissioningList_default_modifiedOn />
    </SearchResultsMetadataCodes>
    <TableMetadataCodes>
      <decommissioningList_default_title />
      <decommissioningList_default_modifiedOn />
    </TableMetadataCodes>
  </SchemaDisplayConfigs>
  <SchemaDisplayConfigs SchemaCode="document_email">
    <DisplayMetadataCodes>
      <document_email_title />
      <document_email_content />
      <document_email_type />
      <document_email_folder />
      <document_email_keywords />
      <document_email_emailTo />
      <document_email_emailFrom />
      <document_email_emailInNameOf />
      <document_email_emailCCTo />
      <document_email_emailBCCTo />
      <document_email_emailObject />
      <document_email_emailAttachmentsList />
      <document_email_emailSentOn />
      <document_email_emailReceivedOn />
      <document_email_company />
      <document_email_subjectToBroadcastRule />
      <document_email_author />
      <document_email_emailContent />
      <document_email_formCreatedBy />
      <document_email_formCreatedOn />
      <document_email_formModifiedBy />
      <document_email_formModifiedOn />
      <document_email_copyStatus />
      <document_email_archivisticStatus />
      <document_email_category />
      <document_email_retentionRule />
      <document_email_mainCopyRule />
      <document_email_actualTransferDate />
      <document_email_expectedTransferDate />
      <document_email_actualDepositDate />
      <document_email_actualDestructionDate />
      <document_email_expectedDepositDate />
      <document_email_expectedDestructionDate />
      <document_email_comments />
    </DisplayMetadataCodes>
    <FormMetadataCodes>
      <document_email_folder />
      <document_email_type />
      <document_email_title />
      <document_email_mainCopyRuleIdEntered />
      <document_email_content />
      <document_email_keywords />
      <document_email_emailTo />
      <document_email_emailFrom />
      <document_email_emailInNameOf />
      <document_email_emailCCTo />
      <document_email_emailBCCTo />
      <document_email_emailObject />
      <document_email_emailAttachmentsList />
      <document_email_emailSentOn />
      <document_email_emailReceivedOn />
      <document_email_company />
      <document_email_subjectToBroadcastRule />
      <document_email_author />
      <document_email_description />
      <document_email_subject />
      <document_email_emailCompany />
      <document_email_emailContent />
    </FormMetadataCodes>
    <SearchResultsMetadataCodes>
      <document_email_title />
      <document_email_modifiedOn />
    </SearchResultsMetadataCodes>
    <TableMetadataCodes />
  </SchemaDisplayConfigs>
  <SchemaDisplayConfigs SchemaCode="document_default">
    <DisplayMetadataCodes>
      <document_default_title />
      <document_default_content />
      <document_default_folder />
      <document_default_type />
      <document_default_keywords />
      <document_default_description />
      <document_default_author />
      <document_default_company />
      <document_default_subject />
      <document_default_formCreatedBy />
      <document_default_formCreatedOn />
      <document_default_formModifiedBy />
      <document_default_formModifiedOn />
      <document_default_copyStatus />
      <document_default_archivisticStatus />
      <document_default_category />
      <document_default_retentionRule />
      <document_default_mainCopyRule />
      <document_default_actualTransferDate />
      <document_default_expectedTransferDate />
      <document_default_actualDepositDate />
      <document_default_actualDestructionDate />
      <document_default_expectedDepositDate />
      <document_default_expectedDestructionDate />
      <document_default_comments />
    </DisplayMetadataCodes>
    <FormMetadataCodes>
      <document_default_folder />
      <document_default_type />
      <document_default_title />
      <document_default_mainCopyRuleIdEntered />
      <document_default_keywords />
      <document_default_content />
      <document_default_description />
      <document_default_author />
      <document_default_company />
      <document_default_subject />
    </FormMetadataCodes>
    <SearchResultsMetadataCodes>
      <document_default_title />
      <document_default_modifiedOn />
    </SearchResultsMetadataCodes>
    <TableMetadataCodes>
      <document_default_title />
      <document_default_modifiedOn />
    </TableMetadataCodes>
  </SchemaDisplayConfigs>
  <SchemaDisplayConfigs SchemaCode="emailToSend_default">
    <DisplayMetadataCodes>
      <emailToSend_default_title />
      <emailToSend_default_createdBy />
      <emailToSend_default_createdOn />
      <emailToSend_default_modifiedBy />
      <emailToSend_default_modifiedOn />
      <emailToSend_default_error />
      <emailToSend_default_parameters />
      <emailToSend_default_sendOn />
      <emailToSend_default_subject />
      <emailToSend_default_template />
      <emailToSend_default_tryingCount />
    </DisplayMetadataCodes>
    <FormMetadataCodes>
      <emailToSend_default_title />
      <emailToSend_default_error />
      <emailToSend_default_parameters />
      <emailToSend_default_subject />
      <emailToSend_default_template />
      <emailToSend_default_tryingCount />
      <emailToSend_default_sendOn />
      <emailToSend_default_BCC />
      <emailToSend_default_CC />
      <emailToSend_default_from />
      <emailToSend_default_to />
    </FormMetadataCodes>
    <SearchResultsMetadataCodes>
      <emailToSend_default_title />
      <emailToSend_default_modifiedOn />
    </SearchResultsMetadataCodes>
    <TableMetadataCodes>
      <emailToSend_default_title />
      <emailToSend_default_modifiedOn />
    </TableMetadataCodes>
  </SchemaDisplayConfigs>
  <SchemaDisplayConfigs SchemaCode="event_default">
    <DisplayMetadataCodes>
      <event_default_title />
      <event_default_type />
      <event_default_createdBy />
      <event_default_createdOn />
      <event_default_modifiedBy />
      <event_default_modifiedOn />
      <event_default_delta />
      <event_default_eventPrincipalPath />
      <event_default_ip />
      <event_default_permissionDateRange />
      <event_default_permissionRoles />
      <event_default_permissionUsers />
      <event_default_reason />
      <event_default_recordIdentifier />
      <event_default_recordVersion />
      <event_default_userRoles />
      <event_default_username />
    </DisplayMetadataCodes>
    <FormMetadataCodes>
      <event_default_title />
      <event_default_type />
      <event_default_delta />
      <event_default_eventPrincipalPath />
      <event_default_ip />
      <event_default_permissionDateRange />
      <event_default_permissionRoles />
      <event_default_permissionUsers />
      <event_default_reason />
      <event_default_recordVersion />
      <event_default_userRoles />
      <event_default_username />
    </FormMetadataCodes>
    <SearchResultsMetadataCodes>
      <event_default_title />
      <event_default_modifiedOn />
    </SearchResultsMetadataCodes>
    <TableMetadataCodes>
      <event_default_recordIdentifier />
      <event_default_title />
      <event_default_modifiedOn />
    </TableMetadataCodes>
  </SchemaDisplayConfigs>
  <SchemaDisplayConfigs SchemaCode="facet_field">
    <DisplayMetadataCodes>
      <facet_field_title />
      <facet_field_createdBy />
      <facet_field_createdOn />
      <facet_field_modifiedBy />
      <facet_field_modifiedOn />
      <facet_field_active />
      <facet_field_elementPerPage />
      <facet_field_facetType />
      <facet_field_fieldDatastoreCode />
      <facet_field_openByDefault />
      <facet_field_order />
      <facet_field_orderResult />
      <facet_field_pages />
      <facet_field_fieldValuesLabel />
    </DisplayMetadataCodes>
    <FormMetadataCodes>
      <facet_field_title />
      <facet_field_elementPerPage />
      <facet_field_facetType />
      <facet_field_fieldDatastoreCode />
      <facet_field_order />
      <facet_field_orderResult />
      <facet_field_pages />
      <facet_field_active />
      <facet_field_openByDefault />
      <facet_field_fieldValuesLabel />
    </FormMetadataCodes>
    <SearchResultsMetadataCodes>
      <facet_field_title />
      <facet_field_modifiedOn />
    </SearchResultsMetadataCodes>
    <TableMetadataCodes />
  </SchemaDisplayConfigs>
  <SchemaDisplayConfigs SchemaCode="facet_query">
    <DisplayMetadataCodes>
      <facet_query_title />
      <facet_query_createdBy />
      <facet_query_createdOn />
      <facet_query_modifiedBy />
      <facet_query_modifiedOn />
      <facet_query_active />
      <facet_query_elementPerPage />
      <facet_query_facetType />
      <facet_query_fieldDatastoreCode />
      <facet_query_openByDefault />
      <facet_query_order />
      <facet_query_orderResult />
      <facet_query_pages />
      <facet_query_listQueries />
    </DisplayMetadataCodes>
    <FormMetadataCodes>
      <facet_query_title />
      <facet_query_elementPerPage />
      <facet_query_facetType />
      <facet_query_fieldDatastoreCode />
      <facet_query_order />
      <facet_query_orderResult />
      <facet_query_pages />
      <facet_query_active />
      <facet_query_openByDefault />
      <facet_query_listQueries />
    </FormMetadataCodes>
    <SearchResultsMetadataCodes>
      <facet_query_title />
      <facet_query_modifiedOn />
    </SearchResultsMetadataCodes>
    <TableMetadataCodes />
  </SchemaDisplayConfigs>
  <SchemaDisplayConfigs SchemaCode="facet_default">
    <DisplayMetadataCodes>
      <facet_default_title />
      <facet_default_createdBy />
      <facet_default_createdOn />
      <facet_default_modifiedBy />
      <facet_default_modifiedOn />
      <facet_default_active />
      <facet_default_elementPerPage />
      <facet_default_facetType />
      <facet_default_fieldDatastoreCode />
      <facet_default_openByDefault />
      <facet_default_order />
      <facet_default_orderResult />
      <facet_default_pages />
    </DisplayMetadataCodes>
    <FormMetadataCodes>
      <facet_default_title />
      <facet_default_elementPerPage />
      <facet_default_facetType />
      <facet_default_fieldDatastoreCode />
      <facet_default_order />
      <facet_default_orderResult />
      <facet_default_pages />
      <facet_default_active />
      <facet_default_openByDefault />
    </FormMetadataCodes>
    <SearchResultsMetadataCodes>
      <facet_default_title />
      <facet_default_modifiedOn />
    </SearchResultsMetadataCodes>
    <TableMetadataCodes>
      <facet_default_title />
      <facet_default_modifiedOn />
    </TableMetadataCodes>
  </SchemaDisplayConfigs>
  <SchemaDisplayConfigs SchemaCode="filingSpace_default">
    <DisplayMetadataCodes>
      <filingSpace_default_code />
      <filingSpace_default_title />
      <filingSpace_default_description />
      <filingSpace_default_users />
      <filingSpace_default_administrators />
    </DisplayMetadataCodes>
    <FormMetadataCodes>
      <filingSpace_default_code />
      <filingSpace_default_title />
      <filingSpace_default_administrators />
      <filingSpace_default_users />
      <filingSpace_default_description />
    </FormMetadataCodes>
    <SearchResultsMetadataCodes>
      <filingSpace_default_title />
      <filingSpace_default_modifiedOn />
    </SearchResultsMetadataCodes>
    <TableMetadataCodes>
      <filingSpace_default_title />
      <filingSpace_default_modifiedOn />
    </TableMetadataCodes>
  </SchemaDisplayConfigs>
  <SchemaDisplayConfigs SchemaCode="folder_default">
    <DisplayMetadataCodes>
      <folder_default_parentFolder />
      <folder_default_title />
      <folder_default_description />
      <folder_default_filingSpace />
      <folder_default_administrativeUnit />
      <folder_default_mediumTypes />
      <folder_default_copyStatus />
      <folder_default_archivisticStatus />
      <folder_default_container />
      <folder_default_category />
      <folder_default_uniformSubdivision />
      <folder_default_retentionRule />
      <folder_default_mainCopyRule />
      <folder_default_keywords />
      <folder_default_openingDate />
      <folder_default_closingDate />
      <folder_default_actualTransferDate />
      <folder_default_expectedTransferDate />
      <folder_default_actualDepositDate />
      <folder_default_expectedDepositDate />
      <folder_default_actualDestructionDate />
      <folder_default_expectedDestructionDate />
      <folder_default_followers />
      <folder_default_borrowed />
      <folder_default_borrowDate />
      <folder_default_borrowUserEntered />
      <folder_default_borrowPreviewReturnDate />
      <folder_default_borrowingType />
      <folder_default_linearSize />
      <folder_default_formCreatedBy />
      <folder_default_formCreatedOn />
      <folder_default_formModifiedBy />
      <folder_default_formModifiedOn />
      <folder_default_comments />
    </DisplayMetadataCodes>
    <FormMetadataCodes>
      <folder_default_type />
      <folder_default_title />
      <folder_default_parentFolder />
      <folder_default_categoryEntered />
      <folder_default_uniformSubdivisionEntered />
      <folder_default_retentionRuleEntered />
      <folder_default_copyStatusEntered />
      <folder_default_mainCopyRuleIdEntered />
      <folder_default_openingDate />
      <folder_default_enteredClosingDate />
      <folder_default_administrativeUnitEntered />
      <folder_default_mediumTypes />
      <folder_default_keywords />
      <folder_default_description />
      <folder_default_container />
      <folder_default_actualTransferDate />
      <folder_default_actualDepositDate />
      <folder_default_actualDestructionDate />
      <folder_default_borrowPreviewReturnDate />
      <folder_default_linearSize />
    </FormMetadataCodes>
    <SearchResultsMetadataCodes>
      <folder_default_title />
      <folder_default_modifiedOn />
    </SearchResultsMetadataCodes>
    <TableMetadataCodes>
      <folder_default_title />
      <folder_default_modifiedOn />
    </TableMetadataCodes>
  </SchemaDisplayConfigs>
  <SchemaDisplayConfigs SchemaCode="group_default">
    <DisplayMetadataCodes>
      <group_default_code />
      <group_default_title />
      <group_default_createdOn />
      <group_default_modifiedOn />
      <group_default_isGlobal />
      <group_default_parent />
      <group_default_roles />
    </DisplayMetadataCodes>
    <FormMetadataCodes>
      <group_default_code />
      <group_default_title />
      <group_default_parent />
      <group_default_roles />
      <group_default_isGlobal />
    </FormMetadataCodes>
    <SearchResultsMetadataCodes>
      <group_default_title />
      <group_default_modifiedOn />
    </SearchResultsMetadataCodes>
    <TableMetadataCodes>
      <group_default_title />
      <group_default_modifiedOn />
    </TableMetadataCodes>
  </SchemaDisplayConfigs>
  <SchemaDisplayConfigs SchemaCode="report_default">
    <DisplayMetadataCodes>
      <report_default_title />
      <report_default_createdBy />
      <report_default_createdOn />
      <report_default_modifiedBy />
      <report_default_modifiedOn />
      <report_default_columnsCount />
      <report_default_linesCount />
      <report_default_schemaTypeCode />
      <report_default_separator />
      <report_default_username />
    </DisplayMetadataCodes>
    <FormMetadataCodes>
      <report_default_title />
      <report_default_columnsCount />
      <report_default_linesCount />
      <report_default_schemaTypeCode />
      <report_default_separator />
      <report_default_username />
      <report_default_reportedMetadata />
    </FormMetadataCodes>
    <SearchResultsMetadataCodes>
      <report_default_title />
      <report_default_modifiedOn />
    </SearchResultsMetadataCodes>
    <TableMetadataCodes>
      <report_default_title />
      <report_default_modifiedOn />
    </TableMetadataCodes>
  </SchemaDisplayConfigs>
  <SchemaDisplayConfigs SchemaCode="retentionRule_default">
    <DisplayMetadataCodes>
      <retentionRule_default_code />
      <retentionRule_default_approved />
      <retentionRule_default_approvalDate />
      <retentionRule_default_title />
      <retentionRule_default_corpus />
      <retentionRule_default_corpusRuleNumber />
      <retentionRule_default_administrativeUnits />
      <retentionRule_default_responsibleAdministrativeUnits />
      <retentionRule_default_description />
      <retentionRule_default_juridicReference />
      <retentionRule_default_generalComment />
      <retentionRule_default_keywords />
      <retentionRule_default_history />
      <retentionRule_default_essentialDocuments />
      <retentionRule_default_confidentialDocuments />
      <retentionRule_default_copyRetentionRules />
      <retentionRule_default_documentTypesDetails />
      <retentionRule_default_copyRulesComment />
      <retentionRule_default_scope />
      <retentionRule_default_principalDefaultDocumentCopyRetentionRule />
      <retentionRule_default_secondaryDefaultDocumentCopyRetentionRule />
      <retentionRule_default_documentCopyRetentionRules />
    </DisplayMetadataCodes>
    <FormMetadataCodes>
      <retentionRule_default_scope />
      <retentionRule_default_code />
      <retentionRule_default_approved />
      <retentionRule_default_approvalDate />
      <retentionRule_default_title />
      <retentionRule_default_corpus />
      <retentionRule_default_corpusRuleNumber />
      <retentionRule_default_administrativeUnits />
      <retentionRule_default_responsibleAdministrativeUnits />
      <retentionRule_default_description />
      <retentionRule_default_juridicReference />
      <retentionRule_default_generalComment />
      <retentionRule_default_keywords />
      <retentionRule_default_history />
      <retentionRule_default_essentialDocuments />
      <retentionRule_default_confidentialDocuments />
      <retentionRule_default_copyRetentionRules />
      <retentionRule_default_principalDefaultDocumentCopyRetentionRule />
      <retentionRule_default_secondaryDefaultDocumentCopyRetentionRule />
      <retentionRule_default_documentCopyRetentionRules />
      <retentionRule_default_documentTypesDetails />
      <retentionRule_default_copyRulesComment />
    </FormMetadataCodes>
    <SearchResultsMetadataCodes>
      <retentionRule_default_code />
      <retentionRule_default_title />
      <retentionRule_default_modifiedOn />
    </SearchResultsMetadataCodes>
    <TableMetadataCodes>
      <retentionRule_default_code />
      <retentionRule_default_title />
      <retentionRule_default_modifiedOn />
    </TableMetadataCodes>
  </SchemaDisplayConfigs>
  <SchemaDisplayConfigs SchemaCode="storageSpace_default">
    <DisplayMetadataCodes>
      <storageSpace_default_type />
      <storageSpace_default_code />
      <storageSpace_default_title />
      <storageSpace_default_createdBy />
      <storageSpace_default_createdOn />
      <storageSpace_default_modifiedOn />
      <storageSpace_default_capacity />
      <storageSpace_default_decommissioningType />
      <storageSpace_default_parentStorageSpace />
      <storageSpace_default_description />
    </DisplayMetadataCodes>
    <FormMetadataCodes>
      <storageSpace_default_type />
      <storageSpace_default_code />
      <storageSpace_default_title />
      <storageSpace_default_description />
      <storageSpace_default_capacity />
      <storageSpace_default_decommissioningType />
      <storageSpace_default_parentStorageSpace />
    </FormMetadataCodes>
    <SearchResultsMetadataCodes>
      <storageSpace_default_title />
      <storageSpace_default_modifiedOn />
    </SearchResultsMetadataCodes>
    <TableMetadataCodes>
      <storageSpace_default_title />
      <storageSpace_default_modifiedOn />
    </TableMetadataCodes>
  </SchemaDisplayConfigs>
  <SchemaDisplayConfigs SchemaCode="task_approval">
    <DisplayMetadataCodes>
      <task_approval_title />
      <task_approval_createdBy />
      <task_approval_createdOn />
      <task_approval_modifiedBy />
      <task_approval_modifiedOn />
      <task_approval_assignCandidates />
      <task_approval_assignedOn />
      <task_approval_assignedTo />
      <task_approval_dueDate />
      <task_approval_finishedBy />
      <task_approval_finishedOn />
      <task_approval_workflowIdentifier />
      <task_approval_workflowRecordIdentifiers />
      <task_approval_decision />
    </DisplayMetadataCodes>
    <FormMetadataCodes>
      <task_approval_title />
      <task_approval_assignCandidates />
      <task_approval_assignedTo />
      <task_approval_finishedBy />
      <task_approval_workflowIdentifier />
      <task_approval_workflowRecordIdentifiers />
      <task_approval_assignedOn />
      <task_approval_dueDate />
      <task_approval_finishedOn />
      <task_approval_decision />
    </FormMetadataCodes>
    <SearchResultsMetadataCodes>
      <task_approval_title />
      <task_approval_modifiedOn />
    </SearchResultsMetadataCodes>
    <TableMetadataCodes />
  </SchemaDisplayConfigs>
  <SchemaDisplayConfigs SchemaCode="task_default">
    <DisplayMetadataCodes>
      <task_default_title />
      <task_default_createdBy />
      <task_default_createdOn />
      <task_default_modifiedBy />
      <task_default_modifiedOn />
      <task_default_assignCandidates />
      <task_default_assignedOn />
      <task_default_assignedTo />
      <task_default_dueDate />
      <task_default_finishedBy />
      <task_default_finishedOn />
      <task_default_workflowIdentifier />
      <task_default_workflowRecordIdentifiers />
    </DisplayMetadataCodes>
    <FormMetadataCodes>
      <task_default_title />
      <task_default_assignCandidates />
      <task_default_assignedTo />
      <task_default_finishedBy />
      <task_default_workflowIdentifier />
      <task_default_workflowRecordIdentifiers />
      <task_default_assignedOn />
      <task_default_dueDate />
      <task_default_finishedOn />
    </FormMetadataCodes>
    <SearchResultsMetadataCodes>
      <task_default_title />
      <task_default_modifiedOn />
    </SearchResultsMetadataCodes>
    <TableMetadataCodes>
      <task_default_title />
      <task_default_modifiedOn />
    </TableMetadataCodes>
  </SchemaDisplayConfigs>
  <SchemaDisplayConfigs SchemaCode="uniformSubdivision_default">
    <DisplayMetadataCodes>
      <uniformSubdivision_default_code />
      <uniformSubdivision_default_title />
      <uniformSubdivision_default_retentionRule />
      <uniformSubdivision_default_description />
    </DisplayMetadataCodes>
    <FormMetadataCodes>
      <uniformSubdivision_default_code />
      <uniformSubdivision_default_title />
      <uniformSubdivision_default_retentionRule />
      <uniformSubdivision_default_description />
    </FormMetadataCodes>
    <SearchResultsMetadataCodes>
      <uniformSubdivision_default_title />
      <uniformSubdivision_default_modifiedOn />
    </SearchResultsMetadataCodes>
    <TableMetadataCodes>
      <uniformSubdivision_default_title />
      <uniformSubdivision_default_modifiedOn />
    </TableMetadataCodes>
  </SchemaDisplayConfigs>
  <SchemaDisplayConfigs SchemaCode="workflow_default">
    <DisplayMetadataCodes>
      <workflow_default_code />
      <workflow_default_title />
      <workflow_default_createdBy />
      <workflow_default_createdOn />
      <workflow_default_modifiedBy />
      <workflow_default_modifiedOn />
    </DisplayMetadataCodes>
    <FormMetadataCodes>
      <workflow_default_code />
      <workflow_default_title />
    </FormMetadataCodes>
    <SearchResultsMetadataCodes>
      <workflow_default_title />
      <workflow_default_modifiedOn />
    </SearchResultsMetadataCodes>
    <TableMetadataCodes>
      <workflow_default_title />
      <workflow_default_modifiedOn />
    </TableMetadataCodes>
  </SchemaDisplayConfigs>
  <SchemaDisplayConfigs SchemaCode="workflowInstance_default">
    <DisplayMetadataCodes>
      <workflowInstance_default_title />
      <workflowInstance_default_createdBy />
      <workflowInstance_default_createdOn />
      <workflowInstance_default_modifiedBy />
      <workflowInstance_default_modifiedOn />
      <workflowInstance_default_startedBy />
      <workflowInstance_default_startedOn />
      <workflowInstance_default_status />
      <workflowInstance_default_workflow />
    </DisplayMetadataCodes>
    <FormMetadataCodes>
      <workflowInstance_default_title />
      <workflowInstance_default_startedBy />
      <workflowInstance_default_status />
      <workflowInstance_default_workflow />
      <workflowInstance_default_startedOn />
      <workflowInstance_default_extraFields />
    </FormMetadataCodes>
    <SearchResultsMetadataCodes>
      <workflowInstance_default_title />
      <workflowInstance_default_modifiedOn />
    </SearchResultsMetadataCodes>
    <TableMetadataCodes>
      <workflowInstance_default_title />
      <workflowInstance_default_modifiedOn />
    </TableMetadataCodes>
  </SchemaDisplayConfigs>
  <MetadataDisplayConfigs>
    <facet_field_fieldValuesLabel VisibleInAdvancedSearch="false" InputType="FIELD" Highlight="false" metadataGroup="init.facetConfiguration.values" />
    <facet_query_listQueries VisibleInAdvancedSearch="false" InputType="FIELD" Highlight="false" metadataGroup="init.facetConfiguration.query" />
    <facet_default_active VisibleInAdvancedSearch="false" InputType="FIELD" Highlight="false" metadataGroup="default:init.facetConfiguration.configuration" />
    <facet_default_elementPerPage VisibleInAdvancedSearch="false" InputType="FIELD" Highlight="false" metadataGroup="default:init.facetConfiguration.configuration" />
    <facet_default_facetType VisibleInAdvancedSearch="false" InputType="RADIO_BUTTONS" Highlight="false" metadataGroup="default:init.facetConfiguration.configuration" />
    <facet_default_fieldDatastoreCode VisibleInAdvancedSearch="false" InputType="FIELD" Highlight="false" metadataGroup="default:init.facetConfiguration.configuration" />
    <facet_default_openByDefault VisibleInAdvancedSearch="false" InputType="FIELD" Highlight="false" metadataGroup="default:init.facetConfiguration.configuration" />
    <facet_default_orderResult VisibleInAdvancedSearch="false" InputType="RADIO_BUTTONS" Highlight="false" metadataGroup="default:init.facetConfiguration.configuration" />
    <facet_default_title VisibleInAdvancedSearch="false" InputType="FIELD" Highlight="false" metadataGroup="default:init.facetConfiguration.configuration" />
    <user_default_personalEmails VisibleInAdvancedSearch="false" InputType="TEXTAREA" Highlight="false" metadataGroup="" />
    <event_default_recordVersion VisibleInAdvancedSearch="true" InputType="FIELD" Highlight="true" metadataGroup="default" />
    <ddvTaskStatus_default_statusType VisibleInAdvancedSearch="true" InputType="DROPDOWN" Highlight="false" metadataGroup="" />
    <userTask_default_assignedOn VisibleInAdvancedSearch="true" InputType="HIDDEN" Highlight="false" metadataGroup="" />
    <userTask_default_assignee VisibleInAdvancedSearch="true" InputType="LOOKUP" Highlight="false" metadataGroup="init.userTask.assignment" />
    <userTask_default_assigneeGroupsCandidates VisibleInAdvancedSearch="true" InputType="LOOKUP" Highlight="false" metadataGroup="init.userTask.assignment" />
    <userTask_default_assigneeUsersCandidates VisibleInAdvancedSearch="true" InputType="LOOKUP" Highlight="false" metadataGroup="init.userTask.assignment" />
    <userTask_default_assigner VisibleInAdvancedSearch="true" InputType="HIDDEN" Highlight="false" metadataGroup="" />
    <userTask_default_contents VisibleInAdvancedSearch="true" InputType="CONTENT" Highlight="false" metadataGroup="init.userTask.details" />
    <userTask_default_description VisibleInAdvancedSearch="true" InputType="RICHTEXT" Highlight="false" metadataGroup="" />
    <userTask_default_dueDate VisibleInAdvancedSearch="true" InputType="FIELD" Highlight="false" metadataGroup="" />
    <userTask_default_endDate VisibleInAdvancedSearch="true" InputType="HIDDEN" Highlight="false" metadataGroup="" />
    <userTask_default_parentTask VisibleInAdvancedSearch="true" InputType="HIDDEN" Highlight="false" metadataGroup="" />
    <userTask_default_parentTaskDueDate VisibleInAdvancedSearch="true" InputType="FIELD" Highlight="false" metadataGroup="" />
    <userTask_default_progressPercentage VisibleInAdvancedSearch="true" InputType="FIELD" Highlight="false" metadataGroup="" />
    <userTask_default_reminders VisibleInAdvancedSearch="false" InputType="FIELD" Highlight="false" metadataGroup="init.userTask.remindersTab" />
    <userTask_default_startDate VisibleInAdvancedSearch="true" InputType="HIDDEN" Highlight="false" metadataGroup="" />
    <userTask_default_status VisibleInAdvancedSearch="true" InputType="LOOKUP" Highlight="false" metadataGroup="" />
    <userTask_default_taskFollowers VisibleInAdvancedSearch="false" InputType="FIELD" Highlight="false" metadataGroup="init.userTask.followersTab" />
    <userTask_default_taskFollowersIds VisibleInAdvancedSearch="true" InputType="LOOKUP" Highlight="false" metadataGroup="" />
    <userTask_default_title VisibleInAdvancedSearch="true" InputType="FIELD" Highlight="false" metadataGroup="" />
    <userTask_default_type VisibleInAdvancedSearch="true" InputType="LOOKUP" Highlight="false" metadataGroup="" />
    <administrativeUnit_default_adress VisibleInAdvancedSearch="false" InputType="HIDDEN" Highlight="false" metadataGroup="" />
    <administrativeUnit_default_description VisibleInAdvancedSearch="false" InputType="HIDDEN" Highlight="false" metadataGroup="" />
    <containerRecord_default_administrativeUnit VisibleInAdvancedSearch="true" InputType="LOOKUP" Highlight="false" metadataGroup="" />
    <containerRecord_default_borrowDate VisibleInAdvancedSearch="true" InputType="HIDDEN" Highlight="false" metadataGroup="" />
    <containerRecord_default_borrowed VisibleInAdvancedSearch="true" InputType="FIELD" Highlight="false" metadataGroup="" />
    <containerRecord_default_borrower VisibleInAdvancedSearch="true" InputType="HIDDEN" Highlight="false" metadataGroup="" />
    <containerRecord_default_completionDate VisibleInAdvancedSearch="true" InputType="HIDDEN" Highlight="false" metadataGroup="" />
    <containerRecord_default_decommissioningType VisibleInAdvancedSearch="true" InputType="DROPDOWN" Highlight="false" metadataGroup="" />
    <containerRecord_default_description VisibleInAdvancedSearch="true" InputType="FIELD" Highlight="false" metadataGroup="" />
    <containerRecord_default_filingSpace VisibleInAdvancedSearch="true" InputType="HIDDEN" Highlight="false" metadataGroup="" />
    <containerRecord_default_full VisibleInAdvancedSearch="true" InputType="FIELD" Highlight="false" metadataGroup="" />
    <containerRecord_default_id VisibleInAdvancedSearch="true" InputType="FIELD" Highlight="false" metadataGroup="" />
    <containerRecord_default_identifier VisibleInAdvancedSearch="true" InputType="FIELD" Highlight="false" metadataGroup="" />
    <containerRecord_default_planifiedReturnDate VisibleInAdvancedSearch="true" InputType="HIDDEN" Highlight="false" metadataGroup="" />
    <containerRecord_default_position VisibleInAdvancedSearch="true" InputType="FIELD" Highlight="false" metadataGroup="" />
    <containerRecord_default_realDepositDate VisibleInAdvancedSearch="true" InputType="HIDDEN" Highlight="false" metadataGroup="" />
    <containerRecord_default_realReturnDate VisibleInAdvancedSearch="true" InputType="HIDDEN" Highlight="false" metadataGroup="" />
    <containerRecord_default_realTransferDate VisibleInAdvancedSearch="true" InputType="HIDDEN" Highlight="false" metadataGroup="" />
    <containerRecord_default_storageSpace VisibleInAdvancedSearch="true" InputType="LOOKUP" Highlight="false" metadataGroup="" />
    <containerRecord_default_temporaryIdentifier VisibleInAdvancedSearch="true" InputType="FIELD" Highlight="false" metadataGroup="" />
    <containerRecord_default_title VisibleInAdvancedSearch="true" InputType="FIELD" Highlight="false" metadataGroup="" />
    <containerRecord_default_type VisibleInAdvancedSearch="true" InputType="DROPDOWN" Highlight="false" metadataGroup="" />
    <decommissioningList_default_administrativeUnit VisibleInAdvancedSearch="false" InputType="HIDDEN" Highlight="false" metadataGroup="" />
    <decommissioningList_default_approvalDate VisibleInAdvancedSearch="false" InputType="HIDDEN" Highlight="false" metadataGroup="" />
    <decommissioningList_default_approvalRequest VisibleInAdvancedSearch="false" InputType="HIDDEN" Highlight="false" metadataGroup="" />
    <decommissioningList_default_approvalRequestDate VisibleInAdvancedSearch="false" InputType="HIDDEN" Highlight="false" metadataGroup="" />
    <decommissioningList_default_approvalUser VisibleInAdvancedSearch="false" InputType="HIDDEN" Highlight="false" metadataGroup="" />
    <decommissioningList_default_containerDetails VisibleInAdvancedSearch="false" InputType="HIDDEN" Highlight="false" metadataGroup="" />
    <decommissioningList_default_filingSpace VisibleInAdvancedSearch="false" InputType="HIDDEN" Highlight="false" metadataGroup="" />
    <decommissioningList_default_folderDetails VisibleInAdvancedSearch="false" InputType="HIDDEN" Highlight="false" metadataGroup="" />
    <decommissioningList_default_processingDate VisibleInAdvancedSearch="false" InputType="HIDDEN" Highlight="false" metadataGroup="" />
    <decommissioningList_default_processingUser VisibleInAdvancedSearch="false" InputType="HIDDEN" Highlight="false" metadataGroup="" />
    <decommissioningList_default_validationDate VisibleInAdvancedSearch="false" InputType="HIDDEN" Highlight="false" metadataGroup="" />
    <decommissioningList_default_validationUser VisibleInAdvancedSearch="false" InputType="HIDDEN" Highlight="false" metadataGroup="" />
    <document_email_description VisibleInAdvancedSearch="true" InputType="HIDDEN" Highlight="false" metadataGroup="" />
    <document_email_emailAttachmentsList VisibleInAdvancedSearch="true" InputType="FIELD" Highlight="false" metadataGroup="" />
    <document_email_emailBCCTo VisibleInAdvancedSearch="true" InputType="FIELD" Highlight="false" metadataGroup="" />
    <document_email_emailCCTo VisibleInAdvancedSearch="true" InputType="FIELD" Highlight="false" metadataGroup="" />
    <document_email_emailCompany VisibleInAdvancedSearch="true" InputType="HIDDEN" Highlight="false" metadataGroup="" />
    <document_email_emailContent VisibleInAdvancedSearch="true" InputType="HIDDEN" Highlight="false" metadataGroup="" />
    <document_email_emailFrom VisibleInAdvancedSearch="true" InputType="FIELD" Highlight="false" metadataGroup="" />
    <document_email_emailInNameOf VisibleInAdvancedSearch="true" InputType="FIELD" Highlight="false" metadataGroup="" />
    <document_email_emailObject VisibleInAdvancedSearch="true" InputType="FIELD" Highlight="false" metadataGroup="" />
    <document_email_emailReceivedOn VisibleInAdvancedSearch="true" InputType="FIELD" Highlight="false" metadataGroup="" />
    <document_email_emailSentOn VisibleInAdvancedSearch="true" InputType="FIELD" Highlight="false" metadataGroup="" />
    <document_email_emailTo VisibleInAdvancedSearch="true" InputType="FIELD" Highlight="false" metadataGroup="" />
    <document_email_subject VisibleInAdvancedSearch="false" InputType="HIDDEN" Highlight="false" metadataGroup="" />
    <document_email_subjectToBroadcastRule VisibleInAdvancedSearch="true" InputType="FIELD" Highlight="false" metadataGroup="" />
    <document_default_actualDepositDate VisibleInAdvancedSearch="true" InputType="FIELD" Highlight="false" metadataGroup="" />
    <document_default_actualDestructionDate VisibleInAdvancedSearch="true" InputType="FIELD" Highlight="false" metadataGroup="" />
    <document_default_actualTransferDate VisibleInAdvancedSearch="true" InputType="FIELD" Highlight="false" metadataGroup="" />
    <document_default_administrativeUnit VisibleInAdvancedSearch="true" InputType="LOOKUP" Highlight="false" metadataGroup="" />
    <document_default_archivisticStatus VisibleInAdvancedSearch="true" InputType="RADIO_BUTTONS" Highlight="false" metadataGroup="" />
    <document_default_author VisibleInAdvancedSearch="true" InputType="FIELD" Highlight="false" metadataGroup="" />
    <document_default_borrowed VisibleInAdvancedSearch="true" InputType="FIELD" Highlight="false" metadataGroup="" />
    <document_default_category VisibleInAdvancedSearch="true" InputType="LOOKUP" Highlight="false" metadataGroup="" />
    <document_default_closingDate VisibleInAdvancedSearch="true" InputType="FIELD" Highlight="false" metadataGroup="" />
    <document_default_company VisibleInAdvancedSearch="true" InputType="FIELD" Highlight="false" metadataGroup="" />
    <document_default_description VisibleInAdvancedSearch="true" InputType="HIDDEN" Highlight="false" metadataGroup="" />
    <document_default_expectedDepositDate VisibleInAdvancedSearch="true" InputType="FIELD" Highlight="false" metadataGroup="" />
    <document_default_expectedDestructionDate VisibleInAdvancedSearch="true" InputType="FIELD" Highlight="false" metadataGroup="" />
    <document_default_expectedTransferDate VisibleInAdvancedSearch="true" InputType="FIELD" Highlight="false" metadataGroup="" />
    <document_default_filingSpace VisibleInAdvancedSearch="true" InputType="LOOKUP" Highlight="false" metadataGroup="" />
    <document_default_folder VisibleInAdvancedSearch="true" InputType="LOOKUP" Highlight="false" metadataGroup="" />
    <document_default_formCreatedBy VisibleInAdvancedSearch="false" InputType="HIDDEN" Highlight="false" metadataGroup="" />
    <document_default_formCreatedOn VisibleInAdvancedSearch="false" InputType="HIDDEN" Highlight="false" metadataGroup="" />
    <document_default_id VisibleInAdvancedSearch="true" InputType="FIELD" Highlight="false" metadataGroup="" />
    <document_default_keywords VisibleInAdvancedSearch="true" InputType="FIELD" Highlight="false" metadataGroup="" />
    <document_default_openingDate VisibleInAdvancedSearch="true" InputType="FIELD" Highlight="false" metadataGroup="" />
    <document_default_retentionRule VisibleInAdvancedSearch="true" InputType="LOOKUP" Highlight="false" metadataGroup="" />
    <document_default_subject VisibleInAdvancedSearch="true" InputType="FIELD" Highlight="false" metadataGroup="" />
    <document_default_title VisibleInAdvancedSearch="true" InputType="FIELD" Highlight="false" metadataGroup="" />
    <document_default_type VisibleInAdvancedSearch="true" InputType="LOOKUP" Highlight="false" metadataGroup="" />
    <filingSpace_default_description VisibleInAdvancedSearch="false" InputType="HIDDEN" Highlight="false" metadataGroup="" />
    <folder_default_activeRetentionType VisibleInAdvancedSearch="true" InputType="RADIO_BUTTONS" Highlight="false" metadataGroup="" />
    <folder_default_actualDepositDate VisibleInAdvancedSearch="true" InputType="FIELD" Highlight="false" metadataGroup="" />
    <folder_default_actualDestructionDate VisibleInAdvancedSearch="true" InputType="FIELD" Highlight="false" metadataGroup="" />
    <folder_default_actualTransferDate VisibleInAdvancedSearch="true" InputType="FIELD" Highlight="false" metadataGroup="" />
    <folder_default_administrativeUnit VisibleInAdvancedSearch="true" InputType="LOOKUP" Highlight="false" metadataGroup="" />
    <folder_default_archivisticStatus VisibleInAdvancedSearch="true" InputType="RADIO_BUTTONS" Highlight="false" metadataGroup="" />
    <folder_default_borrowDate VisibleInAdvancedSearch="true" InputType="FIELD" Highlight="false" metadataGroup="" />
    <folder_default_borrowPreviewReturnDate VisibleInAdvancedSearch="true" InputType="FIELD" Highlight="false" metadataGroup="" />
    <folder_default_borrowReturnDate VisibleInAdvancedSearch="true" InputType="FIELD" Highlight="false" metadataGroup="" />
    <folder_default_borrowUser VisibleInAdvancedSearch="true" InputType="LOOKUP" Highlight="false" metadataGroup="" />
    <folder_default_borrowed VisibleInAdvancedSearch="true" InputType="FIELD" Highlight="false" metadataGroup="" />
    <folder_default_category VisibleInAdvancedSearch="true" InputType="LOOKUP" Highlight="false" metadataGroup="" />
    <folder_default_categoryCode VisibleInAdvancedSearch="true" InputType="FIELD" Highlight="false" metadataGroup="" />
    <folder_default_closingDate VisibleInAdvancedSearch="true" InputType="FIELD" Highlight="false" metadataGroup="" />
    <folder_default_container VisibleInAdvancedSearch="true" InputType="LOOKUP" Highlight="false" metadataGroup="" />
    <folder_default_copyRulesExpectedDepositDates VisibleInAdvancedSearch="true" InputType="FIELD" Highlight="false" metadataGroup="" />
    <folder_default_copyRulesExpectedDestructionDates VisibleInAdvancedSearch="true" InputType="FIELD" Highlight="false" metadataGroup="" />
    <folder_default_copyRulesExpectedTransferDates VisibleInAdvancedSearch="true" InputType="FIELD" Highlight="false" metadataGroup="" />
    <folder_default_copyStatus VisibleInAdvancedSearch="true" InputType="RADIO_BUTTONS" Highlight="false" metadataGroup="" />
    <folder_default_decommissioningDate VisibleInAdvancedSearch="true" InputType="FIELD" Highlight="false" metadataGroup="" />
    <folder_default_description VisibleInAdvancedSearch="true" InputType="TEXTAREA" Highlight="false" metadataGroup="" />
    <folder_default_expectedDepositDate VisibleInAdvancedSearch="true" InputType="FIELD" Highlight="false" metadataGroup="" />
    <folder_default_expectedDestructionDate VisibleInAdvancedSearch="true" InputType="FIELD" Highlight="false" metadataGroup="" />
    <folder_default_expectedTransferDate VisibleInAdvancedSearch="true" InputType="FIELD" Highlight="false" metadataGroup="" />
    <folder_default_filingSpace VisibleInAdvancedSearch="true" InputType="LOOKUP" Highlight="false" metadataGroup="" />
    <folder_default_filingSpaceCode VisibleInAdvancedSearch="true" InputType="FIELD" Highlight="false" metadataGroup="" />
    <folder_default_formCreatedBy VisibleInAdvancedSearch="false" InputType="HIDDEN" Highlight="false" metadataGroup="" />
    <folder_default_formCreatedOn VisibleInAdvancedSearch="false" InputType="HIDDEN" Highlight="false" metadataGroup="" />
    <folder_default_id VisibleInAdvancedSearch="true" InputType="FIELD" Highlight="false" metadataGroup="" />
    <folder_default_inactiveDisposalType VisibleInAdvancedSearch="true" InputType="RADIO_BUTTONS" Highlight="false" metadataGroup="" />
    <folder_default_keywords VisibleInAdvancedSearch="true" InputType="FIELD" Highlight="false" metadataGroup="" />
    <folder_default_mediaType VisibleInAdvancedSearch="true" InputType="RADIO_BUTTONS" Highlight="false" metadataGroup="" />
    <folder_default_mediumTypes VisibleInAdvancedSearch="true" InputType="CHECKBOXES" Highlight="false" metadataGroup="" />
    <folder_default_openingDate VisibleInAdvancedSearch="true" InputType="FIELD" Highlight="false" metadataGroup="" />
    <folder_default_parentFolder VisibleInAdvancedSearch="true" InputType="LOOKUP" Highlight="false" metadataGroup="" />
    <folder_default_retentionRule VisibleInAdvancedSearch="true" InputType="LOOKUP" Highlight="false" metadataGroup="" />
    <folder_default_ruleAdminUnit VisibleInAdvancedSearch="true" InputType="LOOKUP" Highlight="false" metadataGroup="" />
    <folder_default_semiactiveRetentionType VisibleInAdvancedSearch="true" InputType="RADIO_BUTTONS" Highlight="false" metadataGroup="" />
    <folder_default_title VisibleInAdvancedSearch="true" InputType="FIELD" Highlight="false" metadataGroup="" />
    <folder_default_type VisibleInAdvancedSearch="true" InputType="LOOKUP" Highlight="false" metadataGroup="" />
    <folder_default_uniformSubdivision VisibleInAdvancedSearch="true" InputType="LOOKUP" Highlight="false" metadataGroup="" />
    <userTask_default_linkedDocuments VisibleInAdvancedSearch="false" InputType="LOOKUP" Highlight="false" metadataGroup=" Fichiers" />
    <userTask_default_linkedFolders VisibleInAdvancedSearch="false" InputType="LOOKUP" Highlight="false" metadataGroup=" Fichiers" />
  </MetadataDisplayConfigs>
  <SchemaDisplayConfigs SchemaCode="userTask_default">
    <DisplayMetadataCodes>
      <userTask_default_title />
      <userTask_default_type />
      <userTask_default_createdOn />
      <userTask_default_modifiedOn />
      <userTask_default_assignedOn />
      <userTask_default_assignee />
      <userTask_default_assigneeGroupsCandidates />
      <userTask_default_assigneeUsersCandidates />
      <userTask_default_assigner />
      <userTask_default_dueDate />
      <userTask_default_endDate />
      <userTask_default_nextReminderOn />
      <userTask_default_parentTask />
      <userTask_default_parentTaskDueDate />
      <userTask_default_progressPercentage />
      <userTask_default_startDate />
      <userTask_default_status />
      <userTask_default_taskFollowersIds />
      <userTask_default_contents />
      <userTask_default_description />
      <userTask_default_administrativeUnit />
      <userTask_default_linkedDocuments />
      <userTask_default_linkedFolders />
      <userTask_default_comments />
      <userTask_default_decision />
      <userTask_default_workflow />
      <userTask_default_workflowInstance />
      <userTask_default_relativeDueDate />
    </DisplayMetadataCodes>
    <FormMetadataCodes>
      <userTask_default_title />
      <userTask_default_type />
      <userTask_default_assignee />
      <userTask_default_assigneeGroupsCandidates />
      <userTask_default_assigneeUsersCandidates />
      <userTask_default_assigner />
      <userTask_default_parentTask />
      <userTask_default_progressPercentage />
      <userTask_default_status />
      <userTask_default_assignedOn />
      <userTask_default_dueDate />
      <userTask_default_endDate />
      <userTask_default_startDate />
      <userTask_default_contents />
      <userTask_default_description />
      <userTask_default_reminders />
      <userTask_default_taskFollowers />
      <userTask_default_decision />
      <userTask_default_relativeDueDate />
      <userTask_default_linkedDocuments />
      <userTask_default_linkedFolders />
    </FormMetadataCodes>
    <SearchResultsMetadataCodes>
      <userTask_default_title />
      <userTask_default_status />
      <userTask_default_dueDate />
      <userTask_default_assignee />
    </SearchResultsMetadataCodes>
    <TableMetadataCodes>
      <userTask_default_title />
      <userTask_default_status />
      <userTask_default_dueDate />
      <userTask_default_assignee />
    </TableMetadataCodes>
  </SchemaDisplayConfigs>
  <SchemaDisplayConfigs SchemaCode="userDocument_default">
    <DisplayMetadataCodes>
      <userDocument_default_title />
      <userDocument_default_createdOn />
      <userDocument_default_modifiedOn />
      <userDocument_default_user />
      <userDocument_default_content />
    </DisplayMetadataCodes>
    <FormMetadataCodes>
      <userDocument_default_title />
      <userDocument_default_user />
      <userDocument_default_content />
    </FormMetadataCodes>
    <SearchResultsMetadataCodes>
      <userDocument_default_title />
      <userDocument_default_modifiedOn />
    </SearchResultsMetadataCodes>
    <TableMetadataCodes>
      <userDocument_default_title />
      <userDocument_default_modifiedOn />
    </TableMetadataCodes>
  </SchemaDisplayConfigs>
  <SchemaDisplayConfigs SchemaCode="containerRecord_default">
    <DisplayMetadataCodes>
      <containerRecord_default_type />
      <containerRecord_default_temporaryIdentifier />
      <containerRecord_default_identifier />
      <containerRecord_default_full />
      <containerRecord_default_description />
      <containerRecord_default_administrativeUnit />
      <containerRecord_default_storageSpace />
      <containerRecord_default_capacity />
      <containerRecord_default_administrativeUnits />
    </DisplayMetadataCodes>
    <FormMetadataCodes>
      <containerRecord_default_type />
      <containerRecord_default_temporaryIdentifier />
      <containerRecord_default_identifier />
      <containerRecord_default_decommissioningType />
      <containerRecord_default_administrativeUnit />
      <containerRecord_default_storageSpace />
      <containerRecord_default_full />
      <containerRecord_default_description />
      <containerRecord_default_position />
      <containerRecord_default_borrower />
      <containerRecord_default_filingSpace />
      <containerRecord_default_borrowDate />
      <containerRecord_default_completionDate />
      <containerRecord_default_planifiedReturnDate />
      <containerRecord_default_realDepositDate />
      <containerRecord_default_realReturnDate />
      <containerRecord_default_realTransferDate />
      <containerRecord_default_capacity />
      <containerRecord_default_fillRatioEntered />
    </FormMetadataCodes>
    <SearchResultsMetadataCodes>
      <containerRecord_default_title />
      <containerRecord_default_modifiedOn />
    </SearchResultsMetadataCodes>
    <TableMetadataCodes>
      <containerRecord_default_title />
      <containerRecord_default_modifiedOn />
    </TableMetadataCodes>
  </SchemaDisplayConfigs>
</display>
